feature,coefficient
Age,1.190997226490437
Male,-0.3591603604811414
Area Income,-1.5166998447486675
Daily Internet Usage,-2.324200315497444
Daily Time Spent on Site,-2.7134497067244774
