feature,coefficient
Avg. Session Length,25.93252399641565
Time on App,38.83051604583961
Time on Website,0.3062843567303073
Length of Membership,61.547355862939675
